{
  "parent": "minecraft:item/generated",
  "textures": {
    "layer0": "minecraft:item/bow"
  },
  "display": {
    "thirdperson_righthand": {
      "rotation": [
        -80,
        260,
        -40
      ],
      "translation": [
        -1,
        -2,
        2.5
      ],
      "scale": [
        0.9,
        0.9,
        0.9
      ]
    },
    "thirdperson_lefthand": {
      "rotation": [
        -80,
        -280,
        40
      ],
      "translation": [
        -1,
        -2,
        2.5
      ],
      "scale": [
        0.9,
        0.9,
        0.9
      ]
    },
    "firstperson_righthand": {
      "rotation": [
        0,
        -90,
        25
      ],
      "translation": [
        1.13,
        3.2,
        1.13
      ],
      "scale": [
        0.68,
        0.68,
        0.68
      ]
    },
    "firstperson_lefthand": {
      "rotation": [
        0,
        90,
        -25
      ],
      "translation": [
        1.13,
        3.2,
        1.13
      ],
      "scale": [
        0.68,
        0.68,
        0.68
      ]
    }
  },
	"overrides": [

	{"predicate": {"pulling": 1}, "model": "minecraft:item/bow_pulling_0"},
	{"predicate": {"pulling": 1, "pull": 0.65}, "model": "minecraft:item/bow_pulling_1"},
	{"predicate": {"pulling": 1, "pull": 0.9}, "model": "minecraft:item/bow_pulling_2"},

	{"predicate": {"custom_model_data":83650}, "model": "realisticsurvival:item/iceandfire/dragonbone_bow_standby"},
       	{"predicate": {"pulling": 1, "custom_model_data": 83650}, "model": "minecraft:item/iceandfire/realisticsurvival/dragonbone_bow_pulling_0"},
        {"predicate": {"pulling": 1, "pull": 0.65, "custom_model_data": 83650}, "model": "realisticsurvival:item/iceandfire/dragonbone_bow_pulling_1"},
        {"predicate": {"pulling": 1, "pull": 0.9, "custom_model_data": 83650}, "model": "realisticsurvival:item/iceandfire/dragonbone_bow_pulling_2"},

	{"predicate": {"custom_model_data":83651}, "model": "realisticsurvival:item/spartanandfire/dragonbone_longbow_standby"},
       	{"predicate": {"pulling": 1, "custom_model_data": 83651}, "model": "realisticsurvival:item/spartanandfire/dragonbone_longbow_pulling_0"},
        {"predicate": {"pulling": 1, "pull": 0.65, "custom_model_data": 83651}, "model": "realisticsurvival:item/spartanandfire/dragonbone_longbow_pulling_1"},
        {"predicate": {"pulling": 1, "pull": 0.9, "custom_model_data": 83651}, "model": "realisticsurvival:item/spartanandfire/dragonbone_longbow_pulling_2"},

	{"predicate": {"custom_model_data":83652}, "model": "realisticsurvival:item/spartanandfire/dragonbone_flamed_longbow_standby"},
       	{"predicate": {"pulling": 1, "custom_model_data": 83652}, "model": "realisticsurvival:item/spartanandfire/dragonbone_flamed_longbow_pulling_0"},
        {"predicate": {"pulling": 1, "pull": 0.65, "custom_model_data": 83652}, "model": "realisticsurvival:item/spartanandfire/dragonbone_flamed_longbow_pulling_1"},
        {"predicate": {"pulling": 1, "pull": 0.9, "custom_model_data": 83652}, "model": "realisticsurvival:item/spartanandfire/dragonbone_flamed_longbow_pulling_2"},

	{"predicate": {"custom_model_data":83653}, "model": "realisticsurvival:item/spartanandfire/dragonbone_iced_longbow_standby"},
       	{"predicate": {"pulling": 1, "custom_model_data": 83653}, "model": "realisticsurvival:item/spartanandfire/dragonbone_iced_longbow_pulling_0"},
        {"predicate": {"pulling": 1, "pull": 0.65, "custom_model_data": 83653}, "model": "realisticsurvival:item/spartanandfire/dragonbone_iced_longbow_pulling_1"},
        {"predicate": {"pulling": 1, "pull": 0.9, "custom_model_data": 83653}, "model": "realisticsurvival:item/spartanandfire/dragonbone_iced_longbow_pulling_2"},

	{"predicate": {"custom_model_data":83654}, "model": "realisticsurvival:item/spartanandfire/dragonbone_lightning_longbow_standby"},
       	{"predicate": {"pulling": 1, "custom_model_data": 83654}, "model": "realisticsurvival:item/spartanandfire/dragonbone_lightning_longbow_pulling_0"},
        {"predicate": {"pulling": 1, "pull": 0.65, "custom_model_data": 83654}, "model": "realisticsurvival:item/spartanandfire/dragonbone_lightning_longbow_pulling_1"},
        {"predicate": {"pulling": 1, "pull": 0.9, "custom_model_data": 83654}, "model": "realisticsurvival:item/spartanandfire/dragonbone_lightning_longbow_pulling_2"},

	{"predicate": {"custom_model_data":83655}, "model": "realisticsurvival:item/spartanandfire/dragonsteel_fire_longbow_standby"},
       	{"predicate": {"pulling": 1, "custom_model_data": 83655}, "model": "realisticsurvival:item/spartanandfire/dragonsteel_fire_longbow_pulling_0"},
        {"predicate": {"pulling": 1, "pull": 0.65, "custom_model_data": 83655}, "model": "realisticsurvival:item/spartanandfire/dragonsteel_fire_longbow_pulling_1"},
        {"predicate": {"pulling": 1, "pull": 0.9, "custom_model_data": 83655}, "model": "realisticsurvival:item/spartanandfire/dragonsteel_fire_longbow_pulling_2"},

	{"predicate": {"custom_model_data":83656}, "model": "realisticsurvival:item/spartanandfire/dragonsteel_ice_longbow_standby"},
       	{"predicate": {"pulling": 1, "custom_model_data": 83656}, "model": "realisticsurvival:item/spartanandfire/dragonsteel_ice_longbow_pulling_0"},
        {"predicate": {"pulling": 1, "pull": 0.65, "custom_model_data": 83656}, "model": "realisticsurvival:item/spartanandfire/dragonsteel_ice_longbow_pulling_1"},
        {"predicate": {"pulling": 1, "pull": 0.9, "custom_model_data": 83656}, "model": "realisticsurvival:item/spartanandfire/dragonsteel_ice_longbow_pulling_2"},

	{"predicate": {"custom_model_data":83657}, "model": "realisticsurvival:item/spartanandfire/dragonsteel_lightning_longbow_standby"},
       	{"predicate": {"pulling": 1, "custom_model_data": 83657}, "model": "realisticsurvival:item/spartanandfire/dragonsteel_lightning_longbow_pulling_0"},
        {"predicate": {"pulling": 1, "pull": 0.65, "custom_model_data": 83657}, "model": "realisticsurvival:item/spartanandfire/dragonsteel_lightning_longbow_pulling_1"},
        {"predicate": {"pulling": 1, "pull": 0.9, "custom_model_data": 83657}, "model": "realisticsurvival:item/spartanandfire/dragonsteel_lightning_longbow_pulling_2"},

	{"predicate": {"custom_model_data":83658}, "model": "realisticsurvival:item/spartanweaponry/netherite_longbow_standby"},
       	{"predicate": {"pulling": 1, "custom_model_data": 83658}, "model": "realisticsurvival:item/spartanweaponry/netherite_longbow_pulling_0"},
        {"predicate": {"pulling": 1, "pull": 0.65, "custom_model_data": 83658}, "model": "realisticsurvival:item/spartanweaponry/netherite_longbow_pulling_1"},
        {"predicate": {"pulling": 1, "pull": 0.9, "custom_model_data": 83658}, "model": "realisticsurvival:item/spartanweaponry/netherite_longbow_pulling_2"},

	{"predicate": {"custom_model_data":83659}, "model": "realisticsurvival:item/spartanweaponry/diamond_longbow_standby"},
       	{"predicate": {"pulling": 1, "custom_model_data": 83659}, "model": "realisticsurvival:item/spartanweaponry/diamond_longbow_pulling_0"},
        {"predicate": {"pulling": 1, "pull": 0.65, "custom_model_data": 83659}, "model": "realisticsurvival:item/spartanweaponry/diamond_longbow_pulling_1"},
        {"predicate": {"pulling": 1, "pull": 0.9, "custom_model_data": 83659}, "model": "realisticsurvival:item/spartanweaponry/diamond_longbow_pulling_2"},

	{"predicate": {"custom_model_data":83660}, "model": "realisticsurvival:item/spartanweaponry/iron_longbow_standby"},
       	{"predicate": {"pulling": 1, "custom_model_data": 83660}, "model": "realisticsurvival:item/spartanweaponry/iron_longbow_pulling_0"},
        {"predicate": {"pulling": 1, "pull": 0.65, "custom_model_data": 83660}, "model": "realisticsurvival:item/spartanweaponry/iron_longbow_pulling_1"},
        {"predicate": {"pulling": 1, "pull": 0.9, "custom_model_data": 83660}, "model": "realisticsurvival:item/spartanweaponry/iron_longbow_pulling_2"},

	{"predicate": {"custom_model_data":83661}, "model": "realisticsurvival:item/spartanweaponry/golden_longbow_standby"},
       	{"predicate": {"pulling": 1, "custom_model_data": 83661}, "model": "realisticsurvival:item/spartanweaponry/golden_longbow_pulling_0"},
        {"predicate": {"pulling": 1, "pull": 0.65, "custom_model_data": 83661}, "model": "realisticsurvival:item/spartanweaponry/golden_longbow_pulling_1"},
        {"predicate": {"pulling": 1, "pull": 0.9, "custom_model_data": 83661}, "model": "realisticsurvival:item/spartanweaponry/golden_longbow_pulling_2"},

	{"predicate": {"custom_model_data":83662}, "model": "realisticsurvival:item/spartanweaponry/wooden_longbow_standby"},
       	{"predicate": {"pulling": 1, "custom_model_data": 83662}, "model": "realisticsurvival:item/spartanweaponry/wooden_longbow_pulling_0"},
        {"predicate": {"pulling": 1, "pull": 0.65, "custom_model_data": 83662}, "model": "realisticsurvival:item/spartanweaponry/wooden_longbow_pulling_1"},
        {"predicate": {"pulling": 1, "pull": 0.9, "custom_model_data": 83662}, "model": "realisticsurvival:item/spartanweaponry/wooden_longbow_pulling_2"},

	{"predicate": {"custom_model_data":83663}, "model": "realisticsurvival:item/spartanweaponry/leather_longbow_standby"},
       	{"predicate": {"pulling": 1, "custom_model_data": 83663}, "model": "realisticsurvival:item/spartanweaponry/leather_longbow_pulling_0"},
        {"predicate": {"pulling": 1, "pull": 0.65, "custom_model_data": 83663}, "model": "realisticsurvival:item/spartanweaponry/leather_longbow_pulling_1"},
        {"predicate": {"pulling": 1, "pull": 0.9, "custom_model_data": 83663}, "model": "realisticsurvival:item/spartanweaponry/leather_longbow_pulling_2"},

	{"predicate": {"custom_model_data":83664}, "model": "realisticsurvival:item/spartanweaponry/copper_longbow_standby"},
       	{"predicate": {"pulling": 1, "custom_model_data": 83664}, "model": "realisticsurvival:item/spartanweaponry/copper_longbow_pulling_0"},
        {"predicate": {"pulling": 1, "pull": 0.65, "custom_model_data": 83664}, "model": "realisticsurvival:item/spartanweaponry/copper_longbow_pulling_1"},
        {"predicate": {"pulling": 1, "pull": 0.9, "custom_model_data": 83664}, "model": "realisticsurvival:item/spartanweaponry/copper_longbow_pulling_2"}
  ]
}